{
    "tittle": "Casa sola a media cuadra de Eugenia y San Borja",
    "price": 9000000,
    "features": {
        "land": 145,
        "built": 182,
        "rooms": 4,
        "bathrooms": 3,
        "kitchens": 1,
        "garage": 3
    },
    "address": {
        "line1": "Patricio Sanz 920, Del Valle, Benito Juárez,",
        "state": "CDMX",
        "zip": "03100",
        "city": "Mexico City"
    },
    "location": {
        "lat": 19.3862727,
        "long": -99.1714229
    },
    "description": "Casa para remodelar a tu gusto, con ubicación privilegiada a dos cuadras de Insurgentes y a media cuadra de Eugenia y San Borja. Oportunidad !!!!!!",
    "type": "Casa",
    "age": 65,
    "floors": 3,
    "contact": {
        "name": "Mónica Martínez González",
        "phones": [
            "+52 5555555555",
            "5556980432"
        ],
        "email": "monimg@century21.com"
    },
    "apoiments": [
        {
            "ref": "null",
            "date": {
                "$date": "2021-05-11T14:30:00Z"
            }
        }
    ],
    "images": [
        "https://century21mexico.com/media/cache/web/rc/d0pAlwdH/uploads/224/propiedades/398234/608b06f9c2b4a.jpg",
        "https://century21mexico.com/media/cache/web/rc/Y8rSvUwX/uploads/224/propiedades/398234/608b06fb3cdcf.jpg",
        "https://century21mexico.com/media/cache/web/rc/bR6IPbEv/uploads/224/propiedades/398234/608b06f77d868.jpg",
        "https://century21mexico.com/media/cache/web/rc/HvSnWQRs/uploads/224/propiedades/398234/608b06f970e5f.jpg"
    ]
}